phase_id,phase_name,stage_kind,start_local,end_local,duration_ms,query_ids,turn_ids,tool_counts,reason_summary,action_summary,result_summary,primary_artifacts,problems,fixes,phase_tool_call_ids,evidence_refs
phase_01,output verification and residue checks,input,2026-05-07 15:36:07,2026-05-07 15:36:19,12588,a88470ae-eb8f-4275-a414-81783f46558f,turn-1,Read:1,repl_main_thread,Read: C:\Users\10677\Desktop\PPT制作对齐样本.txt,result: completed | completed,C:/Users/10677/Desktop/PPT制作对齐样本.txt,,,call_cf5231ea4e8d445dbf1b8f12,.observability/snapshots/1778139367106-aef0d55a-25f9-40e6-b328-ca6ca68ed4f6-response.json
phase_02,fork subagents,subagent,2026-05-07 15:36:47,2026-05-07 15:36:47,151,a88470ae-eb8f-4275-a414-81783f46558f,turn-2,Agent:2,repl_main_thread,Agent: Read Word document content | Agent: Analyze PPT template structure,result: completed | completed,C:/Users/10677/Desktop/张舒宁-毕业论文-盲审版.docx | C:/Users/10677/Desktop/叶先圆的答辩PPT(2).pptx,,,call_2bbe65c4fb4549c28bf0d2b4;call_f6e607e7c6554c8d91402667,.observability/snapshots/1778139407813-5fda5da9-50d2-4129-b6e4-dec72e913488-response.json
phase_03,environment setup and dependency checks,subagent,2026-05-07 15:37:01,2026-05-07 15:38:54,112809,b4220edc-0c8a-49f3-bfbe-2ac7f4291fd1,turn-1;turn-2,Bash:2,agent:builtin:fork,Bash: pip install python-pptx 2>&1 | tail -5 | Bash: pip install python-pptx 2>&1 | tail -3,completed,,,,call_0187373139fc4f81afb23735;call_3c2e661212644693bda50d1d,.observability/snapshots/1778139421260-96ccf88e-3961-45aa-9181-4a39af5c6d01-response.json;.observability/snapshots/1778139516747-2b8f2dbe-5109-40a8-8488-a95877d63b28-state.snapshot.after_turn.json;.observability/snapshots/1778139531003-22fc727e-64f9-4de6-a9ca-e72d00baae1f-response.json;.observability/snapshots/1778139534084-9946f868-9d8f-481f-9a38-deb095ad7367-state.snapshot.after_turn.json
phase_04,environment setup and dependency checks,main,2026-05-07 15:37:04,2026-05-07 15:38:50,106139,a88470ae-eb8f-4275-a414-81783f46558f,turn-3,Bash:1,repl_main_thread,Bash: pip install python-docx python-pptx Pillow 2>/dev/null | tail -5,completed,,,,call_e99766a0ecad443aaf4a68e7,.observability/snapshots/1778139424803-94e09bc0-805e-48c0-a2df-77fcaef6bacf-response.json;.observability/snapshots/1778139531029-3fd77581-d955-4837-b877-2a97702d6d3e-state.snapshot.after_turn.json
phase_05,environment setup and dependency checks,subagent,2026-05-07 15:37:05,2026-05-07 15:38:36,91102,1683e4b0-01ef-4df9-a9d1-cc3baef3c277,turn-1,Bash:1,agent:builtin:fork,Bash: pip install python-docx 2>/dev/null | tail -1,completed,,,,call_5fea54e5339d4e41af0ed9c3,.observability/snapshots/1778139425881-ccf29f19-b2a6-4072-a0e1-b354062dcad8-response.json;.observability/snapshots/1778139516747-2d74d705-2aa4-4cfb-b485-10bbba3a1ffe-state.snapshot.after_turn.json
phase_06,subagent evidence review,subagent,2026-05-07 15:38:49,2026-05-07 15:38:49,30,1683e4b0-01ef-4df9-a9d1-cc3baef3c277,turn-2,TaskOutput:1,agent:builtin:fork,"TaskOutput: {""task_id"":""bqedn99tn"",""block"":true,""timeout"":60000}",completed,,,,call_84f28f01f546469788f1f724,.observability/snapshots/1778139529195-b9c30cb3-73bb-4cae-9b7f-f124354c9f90-response.json;.observability/snapshots/1778139529228-77c59ae6-ad37-4880-9a7d-3a0fe306eb8d-state.snapshot.after_turn.json
phase_07,subagent thesis extraction,subagent,2026-05-07 15:39:02,2026-05-07 15:40:48,105577,1683e4b0-01ef-4df9-a9d1-cc3baef3c277,turn-3;turn-4,Bash:2,agent:builtin:fork,"Bash: python3 << 'PYEOF' from docx import Document import json doc = Document(r""C:\Users\10677\Desktop\张舒宁-毕业论文-盲审版.docx"") # Extract all paragraphs with their style info all_tex... | Bash: python3 -c "" from docx impor...",completed,C:/Users/10677/Desktop/张舒宁-毕业论文-盲审版.docx | C:/Users/10677/Desktop/thesis_extract.txt,,,call_2024bf98e64a4c96b0049c59;call_f1b1ff68b05f49fe9d63c44b,.observability/snapshots/1778139543798-9f4c6ebb-0805-477b-b2a6-dae83800ed8d-response.json;.observability/snapshots/1778139632133-a61931ef-d70f-4590-9e94-3abc2506cca3-state.snapshot.after_turn.json;.observability/snapshots/1778139648245-3569f601-6c51-43f7-be22-73eb455c5dcd-response.json;.observability/snapshots/1778139648502-3f1e016e-a760-49dc-9eb5-4cbf6b0fef05-state.snapshot.after_turn.json
phase_08,output verification and residue checks,main,2026-05-07 15:39:06,2026-05-07 15:40:32,85563,a88470ae-eb8f-4275-a414-81783f46558f,turn-4,Bash:1,repl_main_thread,"Bash: python3 << 'PYEOF' from docx import Document import json doc = Document(r""C:\Users\10677\Desktop\张舒宁-毕业论文-盲审版.docx"") # Extract all paragraphs with their styles content = [...","stdout: ---------------------------------------- 4.1/4.1 MB 133.2 kB/s 0:00:33 Using cached xlsxwriter-3.2.9-py3-none-any.whl (175 kB) Installing collected packages: XlsxWriter, lxml, python-pptx, python-docx Successf...",C:/Users/10677/Desktop/张舒宁-毕业论文-盲审版.docx,,,call_efdea30790d7437f807ba88b,.observability/snapshots/1778139546708-78f44ab6-5a22-4604-9a32-48d1e2fe8cdb-response.json;.observability/snapshots/1778139632145-077f5e91-6237-4c8c-b35b-16198b110d53-state.snapshot.after_turn.json
phase_09,subagent template analysis,subagent,2026-05-07 15:39:27,2026-05-07 15:40:33,66518,b4220edc-0c8a-49f3-bfbe-2ac7f4291fd1,turn-3,Bash:1,agent:builtin:fork,"Bash: python -c "" from pptx import Presentation from pptx.util import Inches, Pt, Emu from pptx.dml.color import RGBColor import json prs = Presentation(r'C:\Users\10677\Desktop...",completed,C:/Users/10677/Desktop/叶先圆的答辩PPT(2).pptx,,,call_fc354700d02a4313b73f6836,.observability/snapshots/1778139567429-13574da2-20d3-457b-a181-dcb383f7abe5-response.json;.observability/snapshots/1778139633940-f9279486-a655-4462-8222-8225a109ebe7-state.snapshot.after_turn.json
phase_10,environment setup and dependency checks,main,2026-05-07 15:40:44,2026-05-07 15:41:12,28447,a88470ae-eb8f-4275-a414-81783f46558f,turn-5,Bash:1,repl_main_thread,Bash: pip3 install python-docx python-pptx Pillow 2>/dev/null | tail -3,"stdout: ---------------------------------------- 4.1/4.1 MB 133.2 kB/s 0:00:33 Using cached xlsxwriter-3.2.9-py3-none-any.whl (175 kB) Installing collected packages: XlsxWriter, lxml, python-pptx, python-docx Successf...",,,,call_088b4dfda3504329a29fc825,.observability/snapshots/1778139644304-c3ff5ecf-95cf-4005-977e-6d32421521bc-response.json;.observability/snapshots/1778139672786-0a36f940-a2e1-4ecb-895d-328ec6337abd-state.snapshot.after_turn.json
phase_11,environment setup and dependency checks,subagent,2026-05-07 15:40:45,2026-05-07 15:43:35,170100,b4220edc-0c8a-49f3-bfbe-2ac7f4291fd1,turn-4;turn-5,Bash:2,agent:builtin:fork,"Bash: where python && python --version | Bash: ""C:\Users\10677\AppData\Local\Programs\Python\Python314\python.exe"" -c ""import pptx; print('ok')"" 2>&1",completed,C:/Users/10677/AppData/Local/Programs/Python/Python314/python.exe,,,call_48da23f65d42414482b7ea8d;call_c94cca7f1d2b44b78b4e121f,.observability/snapshots/1778139645355-c34b89cf-fc34-4483-b6f8-f45a5d515b0a-response.json;.observability/snapshots/1778139673198-eb01396d-1e6e-48c9-bde9-ceb11a818fb7-state.snapshot.after_turn.json;.observability/snapshots/1778139701966-deb7d7e6-d0ab-4b30-a513-a00dd15134eb-response.json;.observability/snapshots/1778139815462-836869db-f6e6-4cf2-a3e6-926280a0bd86-state.snapshot.after_turn.json
phase_12,environment setup and dependency checks,subagent,2026-05-07 15:41:33,2026-05-07 15:43:37,123849,1683e4b0-01ef-4df9-a9d1-cc3baef3c277,turn-5;turn-6,Bash:2,agent:builtin:fork,Bash: pip3 install python-docx 2>/dev/null | tail -1 | Bash: where python3 && where python,completed,,,,call_e2b055f6cf514d80bd99ca1a;call_f287a69247104174b1bf0e38,.observability/snapshots/1778139695925-5b8d3885-c23f-4121-a3dd-5f97375bd0e9-response.json;.observability/snapshots/1778139696043-4d5117c2-3256-4bac-b31c-61336c33c09b-state.snapshot.after_turn.json;.observability/snapshots/1778139724383-342047b5-019c-40dc-a31e-ca02832a9eb6-response.json;.observability/snapshots/1778139817062-db853e87-b6d9-4c6c-932a-fdbfe31d1945-state.snapshot.after_turn.json
phase_13,output verification and residue checks,main,2026-05-07 15:41:36,2026-05-07 15:43:32,116239,a88470ae-eb8f-4275-a414-81783f46558f,turn-6,Bash:1,repl_main_thread,"Bash: python << 'PYEOF' from docx import Document doc = Document(r""C:\Users\10677\Desktop\张舒宁-毕业论文-盲审版.docx"") # Extract all paragraphs with their styles content = [] for i, para...","stdout: ---------------------------------------- 4.1/4.1 MB 133.2 kB/s 0:00:33 Using cached xlsxwriter-3.2.9-py3-none-any.whl (175 kB) Installing collected packages: XlsxWriter, lxml, python-pptx, python-docx Successf...",C:/Users/10677/Desktop/张舒宁-毕业论文-盲审版.docx,,,call_d642bb625c084cbb8a257580,.observability/snapshots/1778139696088-952162e6-72fd-484f-ace4-92dab822d2e0-response.json;.observability/snapshots/1778139812364-a428ab03-fab6-4811-ba08-8642c103ce2b-state.snapshot.after_turn.json
phase_14,environment setup and dependency checks,main,2026-05-07 15:43:54,2026-05-07 15:44:30,35851,a88470ae-eb8f-4275-a414-81783f46558f,turn-7;turn-8,Bash:2,repl_main_thread,"Bash: where python && python --version && python -c ""import docx; print('docx OK')"" 2>&1 || echo ""---"" && where python3 2>/dev/null && python3 --version 2>/dev/null && python3 -... | Bash: ""C:\Users\10677\AppData\Loca...","stdout: ---------------------------------------- 4.1/4.1 MB 133.2 kB/s 0:00:33 Using cached xlsxwriter-3.2.9-py3-none-any.whl (175 kB) Installing collected packages: XlsxWriter, lxml, python-pptx, python-docx Successf...",C:/Users/10677/AppData/Local/Programs/Python/Python314/python.exe,,,call_cdf72c80ab5b4332b961cd5e;call_d574b8f4262b40888a198b7f,.observability/snapshots/1778139835051-55a5b55a-5879-40b5-936a-0d5f30806af1-response.json;.observability/snapshots/1778139835909-bb86cbc1-f964-4118-b2b5-68025a5e1f90-state.snapshot.after_turn.json;.observability/snapshots/1778139868243-b4473958-9627-4478-96d0-23892cb191ca-response.json;.observability/snapshots/1778139870861-74c1e9cd-f318-434a-a72e-98a7630247a1-state.snapshot.after_turn.json
phase_15,subagent thesis extraction,subagent,2026-05-07 15:43:55,2026-05-07 15:56:28,752704,1683e4b0-01ef-4df9-a9d1-cc3baef3c277,turn-7;turn-8;turn-9;turn-10;turn-11;turn-12;turn-13;turn-14;turn-15;turn-16,Bash:6;Read:4,agent:builtin:fork,"Bash: ""C:\Users\10677\AppData\Local\Programs\Python\Python314\python.exe"" -c ""from docx import Document; print('OK')"" | Bash: ""C:\Users\10677\AppData\Local\Programs\Python\Python314\python.exe"" << 'PYEOF' from docx im...",completed,C:/Users/10677/AppData/Local/Programs/Python/Python314/python.exe | C:/Users/10677/Desktop/张舒宁-毕业论文-盲审版.docx | C:/Users/10677/Desktop/thesis_extract.txt | C:/Users/10677/Desktop/thesis_structure.txt | C:/Users/10677/Desktop/thesis_conclusion.txt,,,call_e14b335f73e0491faa54991b;call_7bb00a9b352b4fb782f7469a;call_1cdb271cdc624196a33b8007;call_1992c5b44c3143ee99a87095;call_cce14af3416b4b4caab834a5;call_33dfe4b7d13346d4acedc431;tool-b898f4aa4a544305a1f706e05ab172f4;call_f961270dea92428da2f00e12;call_2c290fe4b317459eb989eee0;call_a9fd942a1e074cd78eb1d134,.observability/snapshots/1778139836065-f5a079a8-df7d-457e-a194-38e88c906f59-response.json;.observability/snapshots/1778139841737-a43fd419-e943-4c94-a9b5-2c0aff3bb7c4-state.snapshot.after_turn.json;.observability/snapshots/1778139869503-299d9956-dfdc-43ae-85ad-70ee9b6fcd22-response.json;.observability/snapshots/1778139875466-e8ce0cf3-6141-4591-a75d-558298e015a4-state.snapshot.after_turn.json;.observability/snapshots/1778139946720-e185eb2f-2e0a-47a7-99f8-ae109fca364e-response.json;.observability/snapshots/1778139946741-9e59ac6b-641d-4ce4-b706-a7b49c873e04-state.snapshot.after_turn.json;.observability/snapshots/1778139975162-5b8f6044-d88f-4551-9e21-7ccc6ef7223a-response.json;.observability/snapshots/1778139975454-0054b1a2-0228-4059-9acb-c2d1eeca84bb-state.snapshot.after_turn.json;.observability/snapshots/1778140014103-21d2cce5-b597-4931-89ce-333b71d28415-response.json;.observability/snapshots/1778140014137-6328235a-8277-44d7-a0da-408201e2e814-state.snapshot.after_turn.json;.observability/snapshots/1778140038881-e54a13f4-a1f3-4db0-ab09-c893459f7925-response.json;.observability/snapshots/1778140132122-1b7ec477-5370-4dce-a375-21dc7e278ff7-state.snapshot.after_turn.json;.observability/snapshots/1778140150316-00f77289-5a54-4737-b75b-2b9e2c0ccdfb-response.json;.observability/snapshots/1778140150337-2cfbceee-a52a-46e1-b94b-12bf7ef2dfae-state.snapshot.after_turn.json;.observability/snapshots/1778140164734-7971da8d-e141-416b-a034-770a27466a6b-response.json;.observability/snapshots/1778140271714-53ed705d-0cde-4d24-983b-131f9170fff9-state.snapshot.after_turn.json;.observability/snapshots/1778140282736-3c456bf9-40cb-4102-9219-fe7a5a2dddae-response.json;.observability/snapshots/1778140282881-9c090692-a3fa-49cf-977a-a8409f4331eb-state.snapshot.after_turn.json;.observability/snapshots/1778140311936-db1394da-f665-4d89-8228-f7882afeb559-response.json;.observability/snapshots/1778140588709-013149ac-bc0b-443e-b531-32d98d0ba554-state.snapshot.after_turn.json
phase_16,subagent template analysis,subagent,2026-05-07 15:44:10,2026-05-07 15:46:14,124801,b4220edc-0c8a-49f3-bfbe-2ac7f4291fd1,turn-6;turn-7;turn-8,Bash:3,agent:builtin:fork,"Bash: ""C:\Users\10677\AppData\Local\Programs\Python\Python314\python.exe"" -c "" from pptx import Presentation from pptx.util import Inches, Pt, Emu prs = Presentation(r'C:\Users\... | Bash: ""C:\Users\10677\AppData\Loca...",completed,C:/Users/10677/AppData/Local/Programs/Python/Python314/python.exe | C:/Users/10677/Desktop/叶先圆的答辩PPT(2).pptx | C:/Users/10677/Desktop/ppt_analysis.txt,,,call_02c1d6c4f3f7415590826005;call_ceea4c98748a4d6393028077;tool-79a303c9fe1740c4958e452e2b497051,.observability/snapshots/1778139850038-954ff62b-46bd-4463-ad33-79c33de342b5-response.json;.observability/snapshots/1778139857603-e384dc18-98a5-4dbe-830b-14c09f02e1ee-state.snapshot.after_turn.json;.observability/snapshots/1778139895664-06f3366a-4412-486f-9932-9fa7416efe18-response.json;.observability/snapshots/1778139900417-c8950205-3958-42fe-99f7-ab86475e4cee-state.snapshot.after_turn.json;.observability/snapshots/1778139969724-e660e513-fabb-41d5-a7c8-89449a370a8f-response.json;.observability/snapshots/1778139974837-c1ff466e-ead5-4f16-9ca6-f7f8334898ff-state.snapshot.after_turn.json
phase_17,output verification and residue checks,main,2026-05-07 15:45:49,2026-05-07 15:48:47,178046,a88470ae-eb8f-4275-a414-81783f46558f,turn-9;turn-10,Bash:2,repl_main_thread,"Bash: ""C:\Users\10677\AppData\Local\Programs\Python\Python314\python.exe"" << 'PYEOF' from docx import Document doc = Document(r""C:\Users\10677\Desktop\张舒宁-毕业论文-盲审版.docx"") # Extr... | Bash: ""C:\Users\10677\AppData\Loca...","stdout: ---------------------------------------- 4.1/4.1 MB 133.2 kB/s 0:00:33 Using cached xlsxwriter-3.2.9-py3-none-any.whl (175 kB) Installing collected packages: XlsxWriter, lxml, python-pptx, python-docx Successf...",C:/Users/10677/AppData/Local/Programs/Python/Python314/python.exe | C:/Users/10677/Desktop/张舒宁-毕业论文-盲审版.docx,,,call_dcdeff2e3954495cbed3373e;call_f883ac83db9d4d018b33f127,.observability/snapshots/1778139949220-325a5a23-89d6-43b9-afce-52f89e44d6fe-response.json;.observability/snapshots/1778139958561-493908a5-2c65-43eb-ae41-68982a95713c-state.snapshot.after_turn.json;.observability/snapshots/1778140014505-03360d31-2a6d-400f-bec0-c412b4c3b7ce-response.json;.observability/snapshots/1778140127308-38d7b1fc-dde3-4780-a05b-315723d0fee9-state.snapshot.after_turn.json
phase_18,subagent evidence review,subagent,2026-05-07 15:46:38,2026-05-07 15:46:38,119,b4220edc-0c8a-49f3-bfbe-2ac7f4291fd1,turn-9,Read:1,agent:builtin:fork,Read: C:\Users\10677\Desktop\ppt_analysis.txt,completed,C:/Users/10677/Desktop/ppt_analysis.txt,,,call_44d11e700649454dbe9a61be,.observability/snapshots/1778139998800-ae55a7af-828a-4271-a6f0-8da1b1293900-response.json;.observability/snapshots/1778139998933-539e8de2-954a-47a3-ac6a-009b16a7638c-state.snapshot.after_turn.json
phase_19,subagent template analysis,subagent,2026-05-07 15:46:57,2026-05-07 15:48:48,110858,b4220edc-0c8a-49f3-bfbe-2ac7f4291fd1,turn-10,Bash:1,agent:builtin:fork,"Bash: ""C:\Users\10677\AppData\Local\Programs\Python\Python314\python.exe"" -X utf8 -c "" import sys, io sys.stdout = io.TextIOWrapper(sys.stdout.buffer, encoding='utf-8') from ppt...",completed,C:/Users/10677/AppData/Local/Programs/Python/Python314/python.exe | C:/Users/10677/Desktop/叶先圆的答辩PPT(2).pptx | C:/Users/10677/Desktop/ppt_analysis.txt,,,call_702a6d8effd54968adc099ad,.observability/snapshots/1778140017262-01b0f876-5d26-4fae-bf10-a25b9f1aaf73-response.json;.observability/snapshots/1778140128077-9ebdb2b3-471e-4dd4-a7d2-4df9875640ae-state.snapshot.after_turn.json
phase_20,subagent evidence review,subagent,2026-05-07 15:49:05,2026-05-07 15:56:24,439429,b4220edc-0c8a-49f3-bfbe-2ac7f4291fd1,turn-11;turn-12;turn-13,Read:1;Bash:2,agent:builtin:fork,"Read: C:\Users\10677\Desktop\ppt_analysis.txt | Bash: wc -l ""C:\Users\10677\Desktop\ppt_analysis.txt"" 2>/dev/null; ls -la ""C:\Users\10677\Desktop\ppt_analysis.txt"" 2>/dev/null; cat ""C:\Users\10677\Desktop\ppt_analysis...",completed,C:/Users/10677/Desktop/ppt_analysis.txt | C:/Users/10677/AppData/Local/Programs/Python/Python314/python.exe,,,call_266faa737d964dc2b1015685;call_d169185f9af540c197e22408;call_1be1d905fc5a4a5a90d97a20,.observability/snapshots/1778140145374-b3e3d408-ffa8-47b0-bc91-da3046cee1aa-response.json;.observability/snapshots/1778140146780-f18cfb67-92f2-40d7-a600-afcb69816448-state.snapshot.after_turn.json;.observability/snapshots/1778140158538-95f9a387-af64-4786-a441-61f4acd5134b-response.json;.observability/snapshots/1778140269781-ce1455a9-ad11-4268-89b9-e04e8e8e2758-state.snapshot.after_turn.json;.observability/snapshots/1778140284089-40a646ed-0756-4bb8-98c1-6cae2cd1a836-response.json;.observability/snapshots/1778140584826-539621dd-6d99-4b1d-9f5a-379c81e24352-state.snapshot.after_turn.json
phase_21,output verification and residue checks,input,2026-05-07 15:49:05,2026-05-07 15:50:14,68769,a88470ae-eb8f-4275-a414-81783f46558f,turn-11;turn-12,Read:2,repl_main_thread,Read: C:\Users\10677\.claude\projects\E--claude-code-transparent\ab169cf3-0f5f-4284-8669-ad0d0ceb0e04\tool-results\bqkf91isw.txt,"stdout: ---------------------------------------- 4.1/4.1 MB 133.2 kB/s 0:00:33 Using cached xlsxwriter-3.2.9-py3-none-any.whl (175 kB) Installing collected packages: XlsxWriter, lxml, python-pptx, python-docx Successf...",C:/Users/10677/.claude/projects/E--claude-code-transparent/ab169cf3-0f5f-4284-8669-ad0d0ceb0e04/tool-results/bqkf91isw.txt,,,call_e864c57d3e724d18841f7065;call_ec88b3cf0b83476d935fbd4d,.observability/snapshots/1778140145692-86e05c64-782d-4d5d-bd7d-94a286cea980-response.json;.observability/snapshots/1778140145807-c068d304-9cc8-4e2c-a11d-f3d73764607e-state.snapshot.after_turn.json;.observability/snapshots/1778140213914-68f4eea4-f353-4c2a-9d06-fe8917d7c4ea-response.json;.observability/snapshots/1778140214498-f8b468f3-19d2-40ba-8474-43a3f35a5571-state.snapshot.after_turn.json
phase_22,output verification and residue checks,main,2026-05-07 15:50:25,2026-05-07 16:04:19,834409,a88470ae-eb8f-4275-a414-81783f46558f,turn-13;turn-14;turn-15;turn-16;turn-17;turn-18;turn-19;turn-20,Bash:6;TaskCreate:1;TaskUpdate:1,repl_main_thread,"Bash: ""C:\Users\10677\AppData\Local\Programs\Python\Python314\python.exe"" -X utf8 -c "" import sys, io sys.stdout = io.TextIOWrapper(sys.stdout.buffer, encoding='utf-8') from doc... | Bash: ""C:\Users\10677\AppData\Loca...","stdout: ---------------------------------------- 4.1/4.1 MB 133.2 kB/s 0:00:33 Using cached xlsxwriter-3.2.9-py3-none-any.whl (175 kB) Installing collected packages: XlsxWriter, lxml, python-pptx, python-docx Successf...",C:/Users/10677/AppData/Local/Programs/Python/Python314/python.exe | C:/Users/10677/Desktop/张舒宁-毕业论文-盲审版.docx | C:/Users/10677/Desktop/叶先圆的答辩PPT(2).pptx | img_001.png | img_004.png | img_005.png | img_006.png,,,call_0a9b5b3dfaa9449b873054d6;call_a46d3fb5a43840749f962d4f;call_c09d6068e7ce436c9fedbe79;call_af1f4f18a0334d759f152235;call_b3bd38ca5e6546b68d579058;tool-cd3395448e3b409482c66fa17f2a991f;call_dca1813de10e446eae2e209f;call_90178f01b69047a390d373f1,.observability/snapshots/1778140225198-952f3b64-e978-44f2-ab63-9b4500ed905c-response.json;.observability/snapshots/1778140584873-21126b51-880a-48b1-be10-8ef6b835fd25-state.snapshot.after_turn.json;.observability/snapshots/1778140618667-4bc83df6-cb00-49fc-bdc4-aea8db1379fc-response.json;.observability/snapshots/1778140646782-ecb841dc-0918-40f6-8d06-845643a593a8-state.snapshot.after_turn.json;.observability/snapshots/1778140679687-254f969f-7e76-4735-81b8-67f54f73bdd5-response.json;.observability/snapshots/1778140738980-5332a975-3161-46d8-95ab-cd1ffcaa7fa1-state.snapshot.after_turn.json;.observability/snapshots/1778140772322-c82479fd-b8b4-411f-a47c-eb8ab50b379b-response.json;.observability/snapshots/1778140800653-fbc8e602-dc9b-460a-a256-bd21e28923ea-state.snapshot.after_turn.json;.observability/snapshots/1778140821960-224fa356-53f0-4966-b4a8-c2bdbca2e047-response.json;.observability/snapshots/1778140902759-36d51942-8242-4958-aa32-04bc0ac0cb31-state.snapshot.after_turn.json;.observability/snapshots/1778140939408-a93f010c-326b-44d2-8729-1ba1e16efbcd-response.json;.observability/snapshots/1778140939465-cb741ecf-ae78-417b-a33d-4255c1b9b84f-state.snapshot.after_turn.json;.observability/snapshots/1778140954964-39a9c1df-8e99-4dd7-89c2-f9909b26af88-response.json;.observability/snapshots/1778140955090-0195298f-7119-4c29-bb01-81e381ffe0a0-state.snapshot.after_turn.json;.observability/snapshots/1778140967418-ff6db9b6-2bde-4e7e-b424-b233f5e05675-response.json;.observability/snapshots/1778141059611-9d1d4a95-b607-433c-9828-50da9861d06b-state.snapshot.after_turn.json
phase_23,subagent thesis extraction,subagent,2026-05-07 15:57:06,2026-05-07 16:08:11,664602,1683e4b0-01ef-4df9-a9d1-cc3baef3c277,turn-17;turn-18;turn-19;turn-20;turn-21;turn-22;turn-23;turn-24;turn-25;turn-26;turn-27;turn-28,Bash:5;Read:7,agent:builtin:fork,"Bash: ""C:\Users\10677\AppData\Local\Programs\Python\Python314\python.exe"" -X utf8 << 'PYEOF' from docx import Document import sys doc = Document(r'C:\Users\10677\Desktop\张舒宁-毕业论... | Bash: ""C:\Users\10677\AppData\Loca...",completed,C:/Users/10677/AppData/Local/Programs/Python/Python314/python.exe | C:/Users/10677/Desktop/张舒宁-毕业论文-盲审版.docx | C:/Users/10677/Desktop/thesis_ch345.txt | C:/Users/10677/Desktop/thesis_ch3_detail.txt | C:/Users/10677/Desktop/thesis_ch4_detail.txt | C:/Users/10677/Desktop/thesis_ch5_detail.txt | C:/Users/10677/Desktop/thesis_conclusion.txt | C:/Users/10677/Desktop/thesis_extract.txt | C:/Users/10677/Desktop/thesis_ch12.txt,,,tool-5fb414b6b28e4c88a0249770b3b09355;call_e0458ab907ea40519bda3fae;call_152696ab456944d8b2f8fc1b;call_ea230f00276240f7a400c0f5;call_fe821ce87e4a4007a21d8c24;call_cf3e482b392246608d4fcd37;call_8eba49dc8ebd47c29264f498;call_8249f9b189874ef49fb56ead;call_5ea44258f9f64c1e96db6a64;call_39c6efa76f5a4071b2ea04d2;tool-ba93288874f9465d81a3f8b583bb8724;call_dcb6ab29918a41c9b85bd271,.observability/snapshots/1778140626856-1617c24c-0c4c-428c-8885-9400ea628c6b-response.json;.observability/snapshots/1778140649659-d99516e0-845f-48b5-bae6-71972e1fde2c-state.snapshot.after_turn.json;.observability/snapshots/1778140668435-0fc157c3-7977-4fac-866e-42ce6e3b659d-response.json;.observability/snapshots/1778140736580-1d73a972-56d9-460b-9ba0-1d6bcfa57465-state.snapshot.after_turn.json;.observability/snapshots/1778140817615-22cea3f6-71d2-4d6e-9673-53a60e0d093b-response.json;.observability/snapshots/1778140901413-cab2fee0-5cb6-46e7-a06d-3309cc0285fe-state.snapshot.after_turn.json;.observability/snapshots/1778140940788-6e7fe1a0-7a04-4723-b348-2c36e1cc48f4-response.json;.observability/snapshots/1778140940825-97c11196-ca05-46aa-bfe2-ce7ae9a7e5bf-state.snapshot.after_turn.json;.observability/snapshots/1778140957846-8e6c4488-39a8-4920-a553-38758ab47a06-response.json;.observability/snapshots/1778140965930-2e7996a8-baa4-48e1-8478-b78b9f8da24e-state.snapshot.after_turn.json;.observability/snapshots/1778140971633-83dd6d69-7f2e-4020-a346-f379f50a385e-response.json;.observability/snapshots/1778140971682-b4965e66-304a-49e4-997f-e9fc3323eceb-state.snapshot.after_turn.json;.observability/snapshots/1778140992844-1cf2871b-fa47-45ea-8e74-d8bf7561d908-response.json;.observability/snapshots/1778140992865-50303c46-c90d-4241-9990-70963f075593-state.snapshot.after_turn.json;.observability/snapshots/1778141068582-b7986be7-6bb1-45fa-ac37-8f66cd0d48e8-response.json;.observability/snapshots/1778141068600-661a97f8-92b3-4c35-b212-d0dbc13c76a7-state.snapshot.after_turn.json;.observability/snapshots/1778141079254-3e6acec8-bb81-45b3-8dde-8547951d6cda-response.json;.observability/snapshots/1778141079270-7822b273-3f89-4d2e-9ec9-7e25a0f480c8-state.snapshot.after_turn.json;.observability/snapshots/1778141108018-be2aa3b8-3f02-4e3b-a8f2-6971226ebc62-response.json;.observability/snapshots/1778141108037-47b5c0d7-0bc5-4697-8488-df859300a218-state.snapshot.after_turn.json;.observability/snapshots/1778141144053-56324ba8-9a37-4fb9-9614-9e2f13f4d870-response.json;.observability/snapshots/1778141253514-8e2584c8-ff80-48cb-9b00-119afdde9fce-state.snapshot.after_turn.json;.observability/snapshots/1778141291721-b4c82ceb-4bd1-4495-90b0-013e9d6bb84f-response.json;.observability/snapshots/1778141291746-bbf468d1-b1e2-4b8c-882c-5eb1f312b329-state.snapshot.after_turn.json
phase_24,output verification and residue checks,input,2026-05-07 16:04:40,2026-05-07 16:04:43,2901,a88470ae-eb8f-4275-a414-81783f46558f,turn-21,Read:1,repl_main_thread,Read: C:\Users\10677\.claude\projects\E--claude-code-transparent\ab169cf3-0f5f-4284-8669-ad0d0ceb0e04\tool-results\bqkf91isw.txt,"stdout: ---------------------------------------- 4.1/4.1 MB 133.2 kB/s 0:00:33 Using cached xlsxwriter-3.2.9-py3-none-any.whl (175 kB) Installing collected packages: XlsxWriter, lxml, python-pptx, python-docx Successf...",img_001.png | img_004.png | img_005.png | img_006.png,,,tool-01e94623eed247dd85a5632e9b7328fe,.observability/snapshots/1778141080855-baabc86f-24bb-4f80-aa2f-6d99f9a815b8-response.json;.observability/snapshots/1778141083808-8b960d78-06b2-4b0c-a244-1216c9c9d039-state.snapshot.after_turn.json
phase_25,output verification and residue checks,main,2026-05-07 16:05:09,2026-05-07 16:10:44,334663,a88470ae-eb8f-4275-a414-81783f46558f,turn-22;turn-23;turn-24,Bash:3,repl_main_thread,"Bash: ""C:\Users\10677\AppData\Local\Programs\Python\Python314\python.exe"" -X utf8 << 'PYEOF' import sys, io sys.stdout = io.TextIOWrapper(sys.stdout.buffer, encoding='utf-8') fr... | Bash: ""C:\Users\10677\AppData\Loca...","stdout: ---------------------------------------- 4.1/4.1 MB 133.2 kB/s 0:00:33 Using cached xlsxwriter-3.2.9-py3-none-any.whl (175 kB) Installing collected packages: XlsxWriter, lxml, python-pptx, python-docx Successf...",img_001.png | img_004.png | img_005.png | img_006.png,,,call_1ead2d7ec9dd4f2c80aac797;call_09f97b981cb6418daac088de;tool-34b6cbd835144e5cbbc403f926f5590a,.observability/snapshots/1778141109854-d28109a7-4661-478d-bd59-7af8d73c4e47-response.json;.observability/snapshots/1778141127073-3da83e02-27f5-47d1-9cbb-43622946a441-state.snapshot.after_turn.json;.observability/snapshots/1778141155218-04936a94-3c55-4063-ae4f-2fd453729ebc-response.json;.observability/snapshots/1778141354674-7bdcd0e7-f32b-4180-92b9-07a3cedc819d-state.snapshot.after_turn.json;.observability/snapshots/1778141420533-7c180ad4-3b21-4bb7-8ebf-fa4c8a493473-response.json;.observability/snapshots/1778141444563-364bc714-c11c-4872-858d-414493f5fa86-state.snapshot.after_turn.json
phase_26,write script generate_ppt.py,script,2026-05-07 16:15:32,2026-05-07 16:16:03,31232,a88470ae-eb8f-4275-a414-81783f46558f,turn-25,Write:1,repl_main_thread,Write: C:\Users\10677\Desktop\generate_ppt.py,"stdout: ---------------------------------------- 4.1/4.1 MB 133.2 kB/s 0:00:33 Using cached xlsxwriter-3.2.9-py3-none-any.whl (175 kB) Installing collected packages: XlsxWriter, lxml, python-pptx, python-docx Successf...",C:/Users/10677/Desktop/generate_ppt.py | img_001.png | img_004.png | img_005.png,,,call_7a6cb697d1ef430ca3811b74,.observability/snapshots/1778141732123-8b23ef7f-e8d5-4dbf-926d-1b1ad6a01a55-response.json;.observability/snapshots/1778141763438-8b01ac25-cb81-4580-8a08-790e2e69c967-state.snapshot.after_turn.json
phase_27,run script generate_ppt.py,script,2026-05-07 16:16:23,2026-05-07 16:17:09,46216,a88470ae-eb8f-4275-a414-81783f46558f,turn-26,Bash:1,repl_main_thread,"Bash: ""C:\Users\10677\AppData\Local\Programs\Python\Python314\python.exe"" -X utf8 ""C:\Users\10677\Desktop\generate_ppt.py""","stdout: ---------------------------------------- 4.1/4.1 MB 133.2 kB/s 0:00:33 Using cached xlsxwriter-3.2.9-py3-none-any.whl (175 kB) Installing collected packages: XlsxWriter, lxml, python-pptx, python-docx Successf...",img_001.png | img_004.png | img_005.png | img_006.png,,,call_ce53e0acda224cf28d3df10a,.observability/snapshots/1778141783661-b1b4676b-fef8-48ab-b357-937e925057fd-response.json;.observability/snapshots/1778141829334-a200246c-c10c-427a-a97f-2bc05c131542-state.snapshot.after_turn.json
phase_28,output verification and residue checks,output,2026-05-07 16:17:43,2026-05-07 16:30:40,776526,a88470ae-eb8f-4275-a414-81783f46558f,turn-27;turn-28;turn-29;turn-30;turn-31;turn-32;turn-33;turn-34;turn-35;turn-36,Bash:7;Read:3,repl_main_thread,"Bash: ""C:\Users\10677\AppData\Local\Programs\Python\Python314\python.exe"" -X utf8 << 'PYEOF' import sys, io sys.stdout = io.TextIOWrapper(sys.stdout.buffer, encoding='utf-8') fr... | Read: C:\Users\10677\.claude\proje...","stdout: ---------------------------------------- 4.1/4.1 MB 133.2 kB/s 0:00:33 Using cached xlsxwriter-3.2.9-py3-none-any.whl (175 kB) Installing collected packages: XlsxWriter, lxml, python-pptx, python-docx Successf...",img_001.png | img_004.png | img_005.png | img_006.png,,,call_6b847800cd44422d896e4056;call_193e793d6b1347acadacdb82;call_293629a5d1f14fbbbaaa98ef;call_2d369c0e65eb48af8deb4f36;call_5060c96c9ffe4a50a79d0fcb;tool-9a95c458a61a490db42c4290eb978f56;call_f6155f0cd05d4614b22233bd;call_4efcb976d99e4fbfb4235b95;call_355998b25e2d4b92b013c1e6;call_0f4a60813aad43c39702f5f9,.observability/snapshots/1778141863697-24cea26f-c067-4dbf-be33-f9a89d373de2-response.json;.observability/snapshots/1778141877395-22750973-9e59-44be-9aae-e8d2fb4bd8e0-state.snapshot.after_turn.json;.observability/snapshots/1778141911341-bd68a9b0-ecdd-485d-a22e-05944f0b2eb3-response.json;.observability/snapshots/1778141970284-e255f5be-0115-4fa4-a8dd-54f9e73b4299-state.snapshot.after_turn.json;.observability/snapshots/1778142022271-ba50e98e-2f1c-4b47-9b8a-f9372093263e-response.json;.observability/snapshots/1778142025463-1889ebc3-7fc2-42f3-8df0-801fd1d76947-state.snapshot.after_turn.json;.observability/snapshots/1778142140382-269eb4e5-f8d1-4ae6-9ece-910f518cdb64-response.json;.observability/snapshots/1778142140500-8f64e9d8-4beb-41c5-abe8-347919deb5cc-state.snapshot.after_turn.json;.observability/snapshots/1778142159410-3fd0c5e8-af18-4ddf-9d3c-3d81d29747ea-response.json;.observability/snapshots/1778142159469-5483d44f-3b09-430c-9b2e-52ad47653254-state.snapshot.after_turn.json;.observability/snapshots/1778142200907-d7f1e8f2-1dde-4b05-9e15-ededd9646755-response.json;.observability/snapshots/1778142202898-391aa0e1-9b74-43af-b971-9b9e0bc718b9-state.snapshot.after_turn.json;.observability/snapshots/1778142222098-03574d38-567d-4d11-a307-9e0c586ad47c-response.json;.observability/snapshots/1778142234138-521986cf-0a59-4ed2-b272-c78a9ea36d35-state.snapshot.after_turn.json;.observability/snapshots/1778142249840-79324011-7a3f-45c0-9bca-6e77b4c6eef7-response.json;.observability/snapshots/1778142252856-4cfac946-4c28-4d52-adbe-0a9d4ffc6905-state.snapshot.after_turn.json;.observability/snapshots/1778142272145-9cbb7ecc-4e66-4a44-b552-7a658a8146f1-response.json;.observability/snapshots/1778142401919-3d63e6e3-fe94-48cd-8132-6a2a6c7b6192-state.snapshot.after_turn.json;.observability/snapshots/1778142640147-91873e28-fb83-422c-b42d-59db61c26d44-response.json;.observability/snapshots/1778142640270-ebd5a272-c7c4-42dc-b463-ae85e54a6563-state.snapshot.after_turn.json
phase_29,write script generate_ppt_v2.py,script,2026-05-07 16:33:45,2026-05-07 16:34:19,34690,a88470ae-eb8f-4275-a414-81783f46558f,turn-37,Write:1,repl_main_thread,Write: C:\Users\10677\Desktop\generate_ppt_v2.py,"stdout: ---------------------------------------- 4.1/4.1 MB 133.2 kB/s 0:00:33 Using cached xlsxwriter-3.2.9-py3-none-any.whl (175 kB) Installing collected packages: XlsxWriter, lxml, python-pptx, python-docx Successf...",C:/Users/10677/Desktop/generate_ppt_v2.py | img_001.png | img_004.png | img_005.png,,,call_402a64e1fae04ac7a3d8a599,.observability/snapshots/1778142825836-2e6077b6-54dd-4e6f-95de-9cda14adda25-response.json;.observability/snapshots/1778142859930-54fae757-61be-4ac1-85a1-71db68b8640c-state.snapshot.after_turn.json
phase_30,run script generate_ppt_v2.py,script,2026-05-07 16:35:02,2026-05-07 16:35:09,6731,a88470ae-eb8f-4275-a414-81783f46558f,turn-38,Bash:1,repl_main_thread,"Bash: ""C:\Users\10677\AppData\Local\Programs\Python\Python314\python.exe"" -X utf8 ""C:\Users\10677\Desktop\generate_ppt_v2.py""","stdout: ---------------------------------------- 4.1/4.1 MB 133.2 kB/s 0:00:33 Using cached xlsxwriter-3.2.9-py3-none-any.whl (175 kB) Installing collected packages: XlsxWriter, lxml, python-pptx, python-docx Successf...",img_001.png | img_004.png | img_005.png | img_006.png,,,tool-720b17f5a00540738fcb2c36522a4f2c,.observability/snapshots/1778142903399-a16dcbaf-d257-4f41-af3d-4e71843d8a35-response.json;.observability/snapshots/1778142909530-5965bb43-d057-4fc5-ac97-250e26639d3a-state.snapshot.after_turn.json
phase_31,output verification and residue checks,output,2026-05-07 16:35:33,2026-05-07 16:37:27,114468,a88470ae-eb8f-4275-a414-81783f46558f,turn-39;turn-40,Bash:2,repl_main_thread,"Bash: ""C:\Users\10677\AppData\Local\Programs\Python\Python314\python.exe"" -X utf8 << 'PYEOF' import sys, io sys.stdout = io.TextIOWrapper(sys.stdout.buffer, encoding='utf-8') fr...","stdout: ---------------------------------------- 4.1/4.1 MB 133.2 kB/s 0:00:33 Using cached xlsxwriter-3.2.9-py3-none-any.whl (175 kB) Installing collected packages: XlsxWriter, lxml, python-pptx, python-docx Successf...",img_001.png | img_004.png | img_005.png | img_006.png,,,call_c9b26af95263458d89161566;call_dde2c435372a409fad8a76f6,.observability/snapshots/1778142933386-a10ee5a0-b78e-419a-9470-1fe33815156f-response.json;.observability/snapshots/1778142943121-2d8e9d0d-36f7-4d5c-96dd-c8d07e0c04c2-state.snapshot.after_turn.json;.observability/snapshots/1778143045268-89c49d42-ed7a-4163-bd99-afce07a4c810-response.json;.observability/snapshots/1778143047912-ac64d793-307b-477a-bc9e-66218426a46d-state.snapshot.after_turn.json
phase_32,write script generate_ppt_v3.py,script,2026-05-07 16:40:09,2026-05-07 16:40:14,5601,a88470ae-eb8f-4275-a414-81783f46558f,turn-41,Write:1,repl_main_thread,Write: C:\Users\10677\Desktop\generate_ppt_v3.py,"stdout: ---------------------------------------- 4.1/4.1 MB 133.2 kB/s 0:00:33 Using cached xlsxwriter-3.2.9-py3-none-any.whl (175 kB) Installing collected packages: XlsxWriter, lxml, python-pptx, python-docx Successf...",C:/Users/10677/Desktop/generate_ppt_v3.py | img_001.png | img_004.png | img_005.png,,,call_5228bfa8178f45829acf2b1a,.observability/snapshots/1778143209034-a790c149-bdb6-46cc-92cc-45959a93ce7a-response.json;.observability/snapshots/1778143214725-fe918ecd-c85f-410e-81f4-6bc633053ce9-state.snapshot.after_turn.json
phase_33,run script generate_ppt_v3.py,script,2026-05-07 16:41:16,2026-05-07 16:41:34,17598,a88470ae-eb8f-4275-a414-81783f46558f,turn-42,Bash:1,repl_main_thread,"Bash: rm -f ""C:\Users\10677\Desktop\张舒宁答辩PPT.pptx"" && ""C:\Users\10677\AppData\Local\Programs\Python\Python314\python.exe"" -X utf8 ""C:\Users\10677\Desktop\generate_ppt_v3.py""","stdout: ---------------------------------------- 4.1/4.1 MB 133.2 kB/s 0:00:33 Using cached xlsxwriter-3.2.9-py3-none-any.whl (175 kB) Installing collected packages: XlsxWriter, lxml, python-pptx, python-docx Successf...",img_001.png | img_004.png | img_005.png | img_006.png,,,call_5bc7fa38f24843e0bb433495,.observability/snapshots/1778143276495-81d7f227-c9eb-4a8c-80c0-1f94f566ca54-response.json;.observability/snapshots/1778143294134-f197c22b-ce7c-4fe3-9fbc-8a46cfbf9349-state.snapshot.after_turn.json
phase_34,output verification and residue checks,output,2026-05-07 16:43:09,2026-05-07 16:50:36,446464,a88470ae-eb8f-4275-a414-81783f46558f,turn-43;turn-44;turn-45;turn-46;turn-47,Bash:5,repl_main_thread,"Bash: ""C:\Users\10677\AppData\Local\Programs\Python\Python314\python.exe"" -X utf8 << 'PYEOF' import sys, io sys.stdout = io.TextIOWrapper(sys.stdout.buffer, encoding='utf-8') fr... | Bash: ""C:\Users\10677\AppData\Loca...","stdout: ---------------------------------------- 4.1/4.1 MB 133.2 kB/s 0:00:33 Using cached xlsxwriter-3.2.9-py3-none-any.whl (175 kB) Installing collected packages: XlsxWriter, lxml, python-pptx, python-docx Successf...",img_001.png | img_004.png | img_005.png | img_006.png,,,call_a31824320b004ebd94707064;call_4b2ef3319c474963b6cd5f90;call_788e0b6da1f949ffafbd3777;tool-580b452c5fa149c1ba704048c668615b;call_79817db536d1481e982f9a98,.observability/snapshots/1778143389935-f883e85f-6aaf-470b-bc4e-7fe5b5542691-response.json;.observability/snapshots/1778143412985-56c609b5-0cb6-4fee-b9eb-c70877d452ff-state.snapshot.after_turn.json;.observability/snapshots/1778143463936-4ecf8609-5c11-4d6e-a9f6-4509b74df58b-response.json;.observability/snapshots/1778143467407-f5cbcf75-3321-4f12-af5c-6df59dbb0c3e-state.snapshot.after_turn.json;.observability/snapshots/1778143585677-e519e886-9d2f-4519-86f7-fdcb80532517-response.json;.observability/snapshots/1778143617475-3c43b0df-9c14-4b52-bb0b-3c78e8e2f20d-state.snapshot.after_turn.json;.observability/snapshots/1778143665181-8b7b58d7-4bd7-4d85-a298-1f3cff30ad82-response.json;.observability/snapshots/1778143685279-56a66e32-e60f-4d2e-bb33-278aaab45b55-state.snapshot.after_turn.json;.observability/snapshots/1778143834260-45a2ea52-4f36-4c91-b642-c1922247ecda-response.json;.observability/snapshots/1778143836235-d8fd216d-9c1f-46d5-b84b-410a61e2c542-state.snapshot.after_turn.json
phase_35,output verification and residue checks,main,2026-05-07 16:53:08,2026-05-07 16:55:31,142721,a88470ae-eb8f-4275-a414-81783f46558f,turn-48,Bash:1,repl_main_thread,"Bash: ""C:\Users\10677\AppData\Local\Programs\Python\Python314\python.exe"" -X utf8 << 'PYEOF' import sys, io sys.stdout = io.TextIOWrapper(sys.stdout.buffer, encoding='utf-8') fr...",stdout: Copied template to new file Copied template to new file Copied template to new file Copied template to new file Copied template to new file Copied template to new file Copied template to new file | result: Cop...,C:/Users/10677/AppData/Local/Programs/Python/Python314/python.exe | C:/Users/10677/Desktop/张舒宁答辩PPT_final.pptx,,,call_2c20adf172bc4c71a24febe8,.observability/snapshots/1778143988574-a0bf2dc8-958e-4204-9c15-fcaac03aea11-response.json;.observability/snapshots/1778144131250-4e57dc8f-9e99-494c-a30e-e3031921dfdd-state.snapshot.after_turn.json
phase_36,write script generate_ppt_final.py,script,2026-05-07 16:57:53,2026-05-07 16:58:36,42692,a88470ae-eb8f-4275-a414-81783f46558f,turn-49,Write:1,repl_main_thread,Write: C:\Users\10677\Desktop\generate_ppt_final.py,stdout: Copied template to new file Copied template to new file Copied template to new file Copied template to new file Copied template to new file Copied template to new file Copied template to new file | result: Cop...,C:/Users/10677/Desktop/generate_ppt_final.py,,,call_712f9eedf884412a829384cf,.observability/snapshots/1778144274070-187dd019-b2e0-4bd1-a3e6-5b2f6c04b549-response.json;.observability/snapshots/1778144316378-c0fb332d-4fea-4d26-9e33-c3d05f169ca2-state.snapshot.after_turn.json
phase_37,run script generate_ppt_final.py,script,2026-05-07 16:58:49,2026-05-07 16:59:04,15256,a88470ae-eb8f-4275-a414-81783f46558f,turn-50,Bash:1,repl_main_thread,"Bash: ""C:\Users\10677\AppData\Local\Programs\Python\Python314\python.exe"" -X utf8 ""C:\Users\10677\Desktop\generate_ppt_final.py""",stdout: Copied template to new file Copied template to new file Copied template to new file Copied template to new file Copied template to new file Copied template to new file Copied template to new file | result: #!/...,C:/Users/10677/AppData/Local/Programs/Python/Python314/python.exe | C:/Users/10677/Desktop/generate_ppt_final.py,,"or 张舒宁 - Complete version with thorough replacements."""""" import sys, io sys.stdout = io.TextIOWrapper(sys.stdout.buffer, encoding='utf-8') from pptx import Presentation ... #!/usr/bin/env python3 """"""Generate defense PP",call_4eb58eeb28cd4f29b5ea77fe,.observability/snapshots/1778144330154-68772fa3-2755-417c-828b-b89b2344a37a-response.json;.observability/snapshots/1778144344845-fb0a222a-dc4d-4d16-a3a2-98fced58902c-state.snapshot.after_turn.json
phase_38,run script generate_ppt_final.py,script,2026-05-07 16:59:22,2026-05-07 16:59:23,739,a88470ae-eb8f-4275-a414-81783f46558f,turn-51,Bash:1,repl_main_thread,"Bash: ""C:\Users\10677\AppData\Local\Programs\Python\Python314\python.exe"" -X utf8 ""C:\Users\10677\Desktop\generate_ppt_final.py"" 2>&1",stdout: Copied template to new file Copied template to new file Copied template to new file Copied template to new file Copied template to new file Copied template to new file Copied template to new file | result: #!/...,C:/Users/10677/AppData/Local/Programs/Python/Python314/python.exe | C:/Users/10677/Desktop/generate_ppt_final.py,,"or 张舒宁 - Complete version with thorough replacements."""""" import sys, io sys.stdout = io.TextIOWrapper(sys.stdout.buffer, encoding='utf-8') from pptx import Presentation ... #!/usr/bin/env python3 """"""Generate defense PP",call_422170f70f01463a9b0f4b41,.observability/snapshots/1778144362354-3ab54cb0-cfe6-4ec3-8127-80c5dbe724a5-response.json;.observability/snapshots/1778144363119-56819a75-74b0-4102-bc5a-506792846c2d-state.snapshot.after_turn.json
phase_39,repair and adjustment edits,fix,2026-05-07 16:59:31,2026-05-07 17:01:19,107455,a88470ae-eb8f-4275-a414-81783f46558f,turn-52;turn-53,Bash:2,repl_main_thread,"Bash: ""C:\Users\10677\AppData\Local\Programs\Python\Python314\python.exe"" -X utf8 -c ""print('hello')"" 2>&1 | Bash: ""C:\Users\10677\AppData\Local\Programs\Python\Python314\python.exe"" -c ""print('test')""",stdout: Copied template to new file Copied template to new file Copied template to new file Copied template to new file Copied template to new file Copied template to new file Copied template to new file | result: #!/... | stdout: Copied...,C:/Users/10677/AppData/Local/Programs/Python/Python314/python.exe,,"or 张舒宁 - Complete version with thorough replacements."""""" import sys, io sys.stdout = io.TextIOWrapper(sys.stdout.buffer, encoding='utf-8') from pptx import Presentation ... #!/usr/bin/env python3 """"""Generate defense PP",call_977b6a9ed3e84212b99f9df3;call_f1c16c25292d4ad09ad9d05e,.observability/snapshots/1778144371871-00452624-4e29-448f-87a3-ec23d7dc73a5-response.json;.observability/snapshots/1778144387562-02d30188-c758-4636-bab6-1d6fa26f8cbb-state.snapshot.after_turn.json;.observability/snapshots/1778144476808-1e6d49ff-357d-4b21-84bd-1f26bab8f648-response.json;.observability/snapshots/1778144479374-841aeda1-3bf4-49e9-96db-2d19592f05da-state.snapshot.after_turn.json
phase_40,execution or repair issue detection,fix,2026-05-07 17:01:37,2026-05-07 17:01:43,5533,a88470ae-eb8f-4275-a414-81783f46558f,turn-54,Bash:1,repl_main_thread,"Bash: ""C:\Users\10677\AppData\Local\Programs\Python\Python314\python.exe"" -X utf8 -c "" import shutil, os src = r'C:\Users\10677\Desktop\叶先圆的答辩PPT(2).pptx' dst = r'C:\Users\10677...",stdout: Copied template to new file hello test Copied template to new file hello test Copied template to new file hello test Copied template to new file hello test Copied template to new file hello test Copied templat...,C:/Users/10677/AppData/Local/Programs/Python/Python314/python.exe | C:/Users/10677/Desktop/叶先圆的答辩PPT(2).pptx | C:/Users/10677/Desktop/张舒宁答辩PPT_v4.pptx | C:/Users/10677/Desktop/zsn_ppt.pptx,,"or 张舒宁 - Complete version with thorough replacements."""""" import sys, io sys.stdout = io.TextIOWrapper(sys.stdout.buffer, encoding='utf-8') from pptx import Presentation ... #!/usr/bin/env python3 """"""Generate defense PP",tool-34bbc4e36b37410a8d638ecff438f7e6,.observability/snapshots/1778144498909-24dfdc3e-8551-46d4-83bb-b9ee94585e0c-response.json;.observability/snapshots/1778144503466-41266dc8-677c-4a10-bd6d-ff542d384e2c-state.snapshot.after_turn.json
phase_41,edit script generate_ppt_final.py,fix,2026-05-07 17:02:13,2026-05-07 17:02:17,3773,a88470ae-eb8f-4275-a414-81783f46558f,turn-55,Edit:1,repl_main_thread,Edit: C:\Users\10677\Desktop\generate_ppt_final.py,stdout: Copied template to new file hello test Success: copied to v4 Copied template to new file hello test Success: copied to v4 Copied template to new file hello test Success: copied to v4 Copied template to new fil...,C:/Users/10677/Desktop/generate_ppt_final.py | C:/Users/10677/Desktop/张舒宁答辩PPT_final.pptx | C:/Users/10677/Desktop/张舒宁答辩PPT_v4.pptx,,"or 张舒宁 - Complete version with thorough replacements."""""" import sys, io sys.stdout = io.TextIOWrapper(sys.stdout.buffer, encoding='utf-8') from pptx import Presentation ... #!/usr/bin/env python3 """"""Generate defense PP",tool-c196554021ec491d86e9f05d1fd10ecb,.observability/snapshots/1778144533760-673296bc-7abc-465c-a425-3f61041b787b-response.json;.observability/snapshots/1778144537567-4a3d45e9-e2bd-4006-973b-17a4c109bef7-state.snapshot.after_turn.json
phase_42,run script generate_ppt_final.py,script,2026-05-07 17:02:31,2026-05-07 17:02:32,861,a88470ae-eb8f-4275-a414-81783f46558f,turn-56,Bash:1,repl_main_thread,"Bash: ""C:\Users\10677\AppData\Local\Programs\Python\Python314\python.exe"" -X utf8 ""C:\Users\10677\Desktop\generate_ppt_final.py"" 2>&1 | head -80",stdout: Copied template to new file hello test Success: copied to v4 Copied template to new file hello test Success: copied to v4 Copied template to new file hello test Success: copied to v4 Copied template to new fil...,C:/Users/10677/AppData/Local/Programs/Python/Python314/python.exe | C:/Users/10677/Desktop/generate_ppt_final.py,,"or 张舒宁 - Complete version with thorough replacements."""""" import sys, io sys.stdout = io.TextIOWrapper(sys.stdout.buffer, encoding='utf-8') from pptx import Presentation ... #!/usr/bin/env python3 """"""Generate defense PP",call_51940ba5dd6841d49b29ec70,.observability/snapshots/1778144551364-bf1fde7e-36d2-416c-b5af-5854200040de-response.json;.observability/snapshots/1778144552269-9070a9e8-8f58-4dac-b686-a55a2171b5d3-state.snapshot.after_turn.json
phase_43,run script generate_ppt_final.py,script,2026-05-07 17:02:48,2026-05-07 17:05:11,142816,a88470ae-eb8f-4275-a414-81783f46558f,turn-57,Bash:1,"w file hello test Success: copied to v4 Traceback (most recent call last): File ""C:\Users\10677\Desktop\generate_ppt_final.py"", line 12, in <module> shutil.copy2(TEMPLATE, OUTPU...","Bash: ""C:\Users\10677\AppData\Local\Programs\Python\Python314\python.exe"" -X utf8 ""C:\Users\10677\Desktop\generate_ppt_final.py"" > ""C:\Users\10677\Desktop\ppt_output.txt"" 2>&1","stdout: Copied template to new file hello test Success: copied to v4 Traceback (most recent call last): File ""C:\Users\10677\Desktop\generate_ppt_final.py"", line 12, in <module> shutil.copy2(TEMPLATE, OUTPUT) ~~~~~~~~...",C:/Users/10677/Desktop/generate_ppt_final.py | C:/Users/10677/AppData/Local/Programs/Python/Python314/python.exe | C:/Users/10677/Desktop/ppt_output.txt,"w file hello test Success: copied to v4 Traceback (most recent call last): File ""C:\Users\10677\Desktop\generate_ppt_final.py"", line 12, in <module> shutil.copy2(TEMPLATE, OUTPUT) ~~~~~~~~~~~~^^^^... completed","or 张舒宁 - Complete version with thorough replacements."""""" import sys, io sys.stdout = io.TextIOWrapper(sys.stdout.buffer, encoding='utf-8') from pptx import Presentation ... #!/usr/bin/env python3 """"""Generate defense PP",call_fd2d62a0079c4015ae01f327,.observability/snapshots/1778144568492-82f2afc4-b224-46b0-bd92-d0735d40da04-response.json;.observability/snapshots/1778144711345-1dae7d9b-fd3a-490b-b958-9f50f0aaad79-state.snapshot.after_turn.json
phase_44,execution or repair issue detection,fix,2026-05-07 17:05:34,2026-05-07 17:05:34,63,a88470ae-eb8f-4275-a414-81783f46558f,turn-58,Read:1,"w file hello test Success: copied to v4 Traceback (most recent call last): File ""C:\Users\10677\Desktop\generate_ppt_final.py"", line 12, in <module> shutil.copy2(TEMPLATE, OUTPU...",Read: C:\Users\10677\Desktop\ppt_output.txt,"stdout: Copied template to new file hello test Success: copied to v4 Traceback (most recent call last): File ""C:\Users\10677\Desktop\generate_ppt_final.py"", line 12, in <module> shutil.copy2(TEMPLATE, OUTPUT) ~~~~~~~~...",C:/Users/10677/Desktop/generate_ppt_final.py | C:/Users/10677/Desktop/ppt_output.txt,"w file hello test Success: copied to v4 Traceback (most recent call last): File ""C:\Users\10677\Desktop\generate_ppt_final.py"", line 12, in <module> shutil.copy2(TEMPLATE, OUTPUT) ~~~~~~~~~~~~^^^^... completed","or 张舒宁 - Complete version with thorough replacements."""""" import sys, io sys.stdout = io.TextIOWrapper(sys.stdout.buffer, encoding='utf-8') from pptx import Presentation ... #!/usr/bin/env python3 """"""Generate defense PP",call_74bb5362debb4c1596ac0b09,.observability/snapshots/1778144734518-e6b96bc1-c455-4597-9d1c-7e08f9bf0f41-response.json;.observability/snapshots/1778144734623-23075182-3730-4d56-ba4f-ec619dd72f47-state.snapshot.after_turn.json
phase_45,run script generate_ppt_final.py,fix,2026-05-07 17:05:48,2026-05-07 17:05:49,443,a88470ae-eb8f-4275-a414-81783f46558f,turn-59,Bash:1,"w file hello test Success: copied to v4 Traceback (most recent call last): File ""C:\Users\10677\Desktop\generate_ppt_final.py"", line 12, in <module> shutil.copy2(TEMPLATE, OUTPU...","Bash: ls -la ""C:\Users\10677\Desktop\ppt_output.txt"" 2>&1; ls -la ""C:\Users\10677\Desktop\张舒宁答辩PPT_v4.pptx"" 2>&1","stdout: Copied template to new file hello test Success: copied to v4 Traceback (most recent call last): File ""C:\Users\10677\Desktop\generate_ppt_final.py"", line 12, in <module> shutil.copy2(TEMPLATE, OUTPUT) ~~~~~~~~...",C:/Users/10677/Desktop/generate_ppt_final.py | C:/Users/10677/Desktop/ppt_output.txt | C:/Users/10677/Desktop/张舒宁答辩PPT_v4.pptx,"w file hello test Success: copied to v4 Traceback (most recent call last): File ""C:\Users\10677\Desktop\generate_ppt_final.py"", line 12, in <module> shutil.copy2(TEMPLATE, OUTPUT) ~~~~~~~~~~~~^^^^... completed","or 张舒宁 - Complete version with thorough replacements."""""" import sys, io sys.stdout = io.TextIOWrapper(sys.stdout.buffer, encoding='utf-8') from pptx import Presentation ... #!/usr/bin/env python3 """"""Generate defense PP",call_749aa97225694d9ab5cf198f,.observability/snapshots/1778144748907-df9bdcb1-be0b-49db-a5b8-25d93f9c1b79-response.json;.observability/snapshots/1778144749394-315eb4d7-9740-4d66-b7c7-e0cfcd3123c0-state.snapshot.after_turn.json
phase_46,run script generate_ppt_final.py,fix,2026-05-07 17:06:26,2026-05-07 17:08:20,113642,a88470ae-eb8f-4275-a414-81783f46558f,turn-60,Bash:1,"w file hello test Success: copied to v4 Traceback (most recent call last): File ""C:\Users\10677\Desktop\generate_ppt_final.py"", line 12, in <module> shutil.copy2(TEMPLATE, OUTPU...","Bash: rm -f ""C:\Users\10677\Desktop\张舒宁答辩PPT_v4.pptx"" && echo ""Deleted""","stdout: Copied template to new file hello test Success: copied to v4 Traceback (most recent call last): File ""C:\Users\10677\Desktop\generate_ppt_final.py"", line 12, in <module> shutil.copy2(TEMPLATE, OUTPUT) ~~~~~~~~...",C:/Users/10677/Desktop/generate_ppt_final.py | C:/Users/10677/Desktop/ppt_output.txt | C:/Users/10677/Desktop/张舒宁答辩PPT_v4.pptx,"w file hello test Success: copied to v4 Traceback (most recent call last): File ""C:\Users\10677\Desktop\generate_ppt_final.py"", line 12, in <module> shutil.copy2(TEMPLATE, OUTPUT) ~~~~~~~~~~~~^^^^... completed","or 张舒宁 - Complete version with thorough replacements."""""" import sys, io sys.stdout = io.TextIOWrapper(sys.stdout.buffer, encoding='utf-8') from pptx import Presentation ... #!/usr/bin/env python3 """"""Generate defense PP",tool-be66b0b107cb4c07a234cf1145e4c051,.observability/snapshots/1778144786789-970c9a24-0ec3-423b-8dba-f444ea357ee2-response.json;.observability/snapshots/1778144900478-7c384bbc-cba9-446d-8a85-29d638d6fd3a-state.snapshot.after_turn.json
phase_47,run script generate_ppt_final.py,script,2026-05-07 17:08:52,2026-05-07 17:15:03,370685,a88470ae-eb8f-4275-a414-81783f46558f,turn-61,Bash:1,"w file hello test Success: copied to v4 Traceback (most recent call last): File ""C:\Users\10677\Desktop\generate_ppt_final.py"", line 12, in <module> shutil.copy2(TEMPLATE, OUTPU...","Bash: ""C:\Users\10677\AppData\Local\Programs\Python\Python314\python.exe"" -X utf8 ""C:\Users\10677\Desktop\generate_ppt_final.py"" > ""C:\Users\10677\Desktop\ppt_output.txt"" 2>&1","stdout: Copied template to new file hello test Success: copied to v4 Traceback (most recent call last): File ""C:\Users\10677\Desktop\generate_ppt_final.py"", line 12, in <module> shutil.copy2(TEMPLATE, OUTPUT) ~~~~~~~~...",C:/Users/10677/Desktop/generate_ppt_final.py | C:/Users/10677/Desktop/ppt_output.txt | C:/Users/10677/Desktop/张舒宁答辩PPT_v4.pptx,"w file hello test Success: copied to v4 Traceback (most recent call last): File ""C:\Users\10677\Desktop\generate_ppt_final.py"", line 12, in <module> shutil.copy2(TEMPLATE, OUTPUT) ~~~~~~~~~~~~^^^^... completed","or 张舒宁 - Complete version with thorough replacements."""""" import sys, io sys.stdout = io.TextIOWrapper(sys.stdout.buffer, encoding='utf-8') from pptx import Presentation ... #!/usr/bin/env python3 """"""Generate defense PP",call_e8450ea59c9c4e228a5e0800,.observability/snapshots/1778144932614-44c65d6a-58b7-4729-80cf-323d03ab39b0-response.json;.observability/snapshots/1778145303250-40299ad8-90c8-46d3-8632-84f9517a55ea-state.snapshot.after_turn.json
phase_48,execution or repair issue detection,fix,2026-05-07 17:15:15,2026-05-07 17:15:15,93,a88470ae-eb8f-4275-a414-81783f46558f,turn-62,Read:1,"w file hello test Success: copied to v4 Traceback (most recent call last): File ""C:\Users\10677\Desktop\generate_ppt_final.py"", line 12, in <module> shutil.copy2(TEMPLATE, OUTPU...",Read: C:\Users\10677\Desktop\ppt_output.txt,"stdout: Copied template to new file hello test Success: copied to v4 Traceback (most recent call last): File ""C:\Users\10677\Desktop\generate_ppt_final.py"", line 12, in <module> shutil.copy2(TEMPLATE, OUTPUT) ~~~~~~~~...",C:/Users/10677/Desktop/generate_ppt_final.py | C:/Users/10677/Desktop/ppt_output.txt | C:/Users/10677/Desktop/张舒宁答辩PPT_v4.pptx,"w file hello test Success: copied to v4 Traceback (most recent call last): File ""C:\Users\10677\Desktop\generate_ppt_final.py"", line 12, in <module> shutil.copy2(TEMPLATE, OUTPUT) ~~~~~~~~~~~~^^^^... completed","or 张舒宁 - Complete version with thorough replacements."""""" import sys, io sys.stdout = io.TextIOWrapper(sys.stdout.buffer, encoding='utf-8') from pptx import Presentation ... #!/usr/bin/env python3 """"""Generate defense PP",call_041e2788dae6459ea49b749d,.observability/snapshots/1778145315626-ea51e0e0-d74e-46a2-835a-c3250b70ae26-response.json;.observability/snapshots/1778145315795-5c960483-ea08-43da-b448-7b8fc836872e-state.snapshot.after_turn.json
phase_49,edit script generate_ppt_final.py,fix,2026-05-07 17:15:57,2026-05-07 17:15:57,62,a88470ae-eb8f-4275-a414-81783f46558f,turn-63,Edit:1,"w file hello test Success: copied to v4 Traceback (most recent call last): File ""C:\Users\10677\Desktop\generate_ppt_final.py"", line 12, in <module> shutil.copy2(TEMPLATE, OUTPU...",Edit: C:\Users\10677\Desktop\generate_ppt_final.py,"stdout: Copied template to new file hello test Success: copied to v4 Traceback (most recent call last): File ""C:\Users\10677\Desktop\generate_ppt_final.py"", line 12, in <module> shutil.copy2(TEMPLATE, OUTPUT) ~~~~~~~~...",C:/Users/10677/Desktop/generate_ppt_final.py | C:/Users/10677/Desktop/ppt_output.txt | C:/Users/10677/Desktop/张舒宁答辩PPT_v4.pptx,"w file hello test Success: copied to v4 Traceback (most recent call last): File ""C:\Users\10677\Desktop\generate_ppt_final.py"", line 12, in <module> shutil.copy2(TEMPLATE, OUTPUT) ~~~~~~~~~~~~^^^^... completed","or 张舒宁 - Complete version with thorough replacements."""""" import sys, io sys.stdout = io.TextIOWrapper(sys.stdout.buffer, encoding='utf-8') from pptx import Presentation ... #!/usr/bin/env python3 """"""Generate defense PP",tool-c94e1ce4154149c78a4e604dadf39872,.observability/snapshots/1778145357935-21f03f59-08dd-4f03-9886-b306ccf4846c-response.json;.observability/snapshots/1778145357984-a05e034e-0cc6-4796-8d40-3e07e6522c19-state.snapshot.after_turn.json
phase_50,run script generate_ppt_final.py,script,2026-05-07 17:16:10,2026-05-07 17:16:16,6169,a88470ae-eb8f-4275-a414-81783f46558f,turn-64,Bash:1,"w file hello test Success: copied to v4 Traceback (most recent call last): File ""C:\Users\10677\Desktop\generate_ppt_final.py"", line 12, in <module> shutil.copy2(TEMPLATE, OUTPU...","Bash: rm -f ""C:\Users\10677\Desktop\张舒宁答辩PPT_v4.pptx"" && ""C:\Users\10677\AppData\Local\Programs\Python\Python314\python.exe"" -X utf8 ""C:\Users\10677\Desktop\generate_ppt_final.p...","stdout: Copied template to new file hello test Success: copied to v4 Traceback (most recent call last): File ""C:\Users\10677\Desktop\generate_ppt_final.py"", line 12, in <module> shutil.copy2(TEMPLATE, OUTPUT) ~~~~~~~~...",C:/Users/10677/Desktop/generate_ppt_final.py | C:/Users/10677/Desktop/ppt_output.txt | C:/Users/10677/Desktop/张舒宁答辩PPT_v4.pptx,"w file hello test Success: copied to v4 Traceback (most recent call last): File ""C:\Users\10677\Desktop\generate_ppt_final.py"", line 12, in <module> shutil.copy2(TEMPLATE, OUTPUT) ~~~~~~~~~~~~^^^^... completed","or 张舒宁 - Complete version with thorough replacements."""""" import sys, io sys.stdout = io.TextIOWrapper(sys.stdout.buffer, encoding='utf-8') from pptx import Presentation ... #!/usr/bin/env python3 """"""Generate defense PP",call_3aa89e75d3584d9c9cb2f274,.observability/snapshots/1778145370136-e6e12b9e-56aa-4bd2-8b9e-14c7a382dbb6-response.json;.observability/snapshots/1778145376358-d080c1ac-b089-4a2d-aa0c-633c11b11ca1-state.snapshot.after_turn.json
phase_51,execution or repair issue detection,fix,2026-05-07 17:16:37,2026-05-07 17:16:37,99,a88470ae-eb8f-4275-a414-81783f46558f,turn-65,Read:1,"w file hello test Success: copied to v4 Traceback (most recent call last): File ""C:\Users\10677\Desktop\generate_ppt_final.py"", line 12, in <module> shutil.copy2(TEMPLATE, OUTPU...",Read: C:\Users\10677\Desktop\ppt_output.txt,"stdout: Copied template to new file hello test Success: copied to v4 Traceback (most recent call last): File ""C:\Users\10677\Desktop\generate_ppt_final.py"", line 12, in <module> shutil.copy2(TEMPLATE, OUTPUT) ~~~~~~~~...",C:/Users/10677/Desktop/generate_ppt_final.py | C:/Users/10677/Desktop/ppt_output.txt | C:/Users/10677/Desktop/张舒宁答辩PPT_v4.pptx,"w file hello test Success: copied to v4 Traceback (most recent call last): File ""C:\Users\10677\Desktop\generate_ppt_final.py"", line 12, in <module> shutil.copy2(TEMPLATE, OUTPUT) ~~~~~~~~~~~~^^^^... completed","or 张舒宁 - Complete version with thorough replacements."""""" import sys, io sys.stdout = io.TextIOWrapper(sys.stdout.buffer, encoding='utf-8') from pptx import Presentation ... #!/usr/bin/env python3 """"""Generate defense PP",call_eed32a794e8240db9a2a32d3,.observability/snapshots/1778145397484-e669d796-a608-43c4-9bc3-93c586c9bd69-response.json;.observability/snapshots/1778145397637-fd801ca3-f711-437d-8125-fc1070355d09-state.snapshot.after_turn.json
phase_52,edit script generate_ppt_final.py,fix,2026-05-07 17:18:03,2026-05-07 17:18:50,47182,a88470ae-eb8f-4275-a414-81783f46558f,turn-66;turn-67;turn-68,Edit:3,"w file hello test Success: copied to v4 Traceback (most recent call last): File ""C:\Users\10677\Desktop\generate_ppt_final.py"", line 12, in <module> shutil.copy2(TEMPLATE, OUTPU...",Edit: C:\Users\10677\Desktop\generate_ppt_final.py,"stdout: Copied template to new file hello test Success: copied to v4 Traceback (most recent call last): File ""C:\Users\10677\Desktop\generate_ppt_final.py"", line 12, in <module> shutil.copy2(TEMPLATE, OUTPUT) ~~~~~~~~...",C:/Users/10677/Desktop/generate_ppt_final.py | C:/Users/10677/Desktop/ppt_output.txt | C:/Users/10677/Desktop/张舒宁答辩PPT_v4.pptx,"w file hello test Success: copied to v4 Traceback (most recent call last): File ""C:\Users\10677\Desktop\generate_ppt_final.py"", line 12, in <module> shutil.copy2(TEMPLATE, OUTPUT) ~~~~~~~~~~~~^^^^... completed","or 张舒宁 - Complete version with thorough replacements."""""" import sys, io sys.stdout = io.TextIOWrapper(sys.stdout.buffer, encoding='utf-8') from pptx import Presentation ... #!/usr/bin/env python3 """"""Generate defense PP",call_eb4ccaf2dd214383a829b913;call_ee08395efd5642cf83140576;call_e24cb96ef4154acaab552bf8,.observability/snapshots/1778145483602-07ff36e5-cc31-4889-ac9b-e335ea9fe963-response.json;.observability/snapshots/1778145483762-47060d3a-16a4-4cd5-b7bd-eb5b59f9c630-state.snapshot.after_turn.json;.observability/snapshots/1778145513854-6381f48a-b294-4c38-8cd1-5dc3a1c60a93-response.json;.observability/snapshots/1778145514062-b41b3803-bb16-4936-8173-189a26f3d9c5-state.snapshot.after_turn.json;.observability/snapshots/1778145530664-759dacca-d286-41b5-a5fd-14ba99c59378-response.json;.observability/snapshots/1778145530836-0f8e1f24-4c5e-41ec-84d0-9393d944d7ae-state.snapshot.after_turn.json
phase_53,run script generate_ppt_final.py,script,2026-05-07 17:19:13,2026-05-07 17:19:16,3071,a88470ae-eb8f-4275-a414-81783f46558f,turn-69,Bash:1,"w file hello test Success: copied to v4 Traceback (most recent call last): File ""C:\Users\10677\Desktop\generate_ppt_final.py"", line 12, in <module> shutil.copy2(TEMPLATE, OUTPU...","Bash: rm -f ""C:\Users\10677\Desktop\张舒宁答辩PPT_v4.pptx"" && ""C:\Users\10677\AppData\Local\Programs\Python\Python314\python.exe"" -X utf8 ""C:\Users\10677\Desktop\generate_ppt_final.p...","stdout: Copied template to new file hello test Success: copied to v4 Traceback (most recent call last): File ""C:\Users\10677\Desktop\generate_ppt_final.py"", line 12, in <module> shutil.copy2(TEMPLATE, OUTPUT) ~~~~~~~~...",C:/Users/10677/Desktop/generate_ppt_final.py | C:/Users/10677/Desktop/ppt_output.txt | C:/Users/10677/Desktop/张舒宁答辩PPT_v4.pptx,"w file hello test Success: copied to v4 Traceback (most recent call last): File ""C:\Users\10677\Desktop\generate_ppt_final.py"", line 12, in <module> shutil.copy2(TEMPLATE, OUTPUT) ~~~~~~~~~~~~^^^^... completed","or 张舒宁 - Complete version with thorough replacements."""""" import sys, io sys.stdout = io.TextIOWrapper(sys.stdout.buffer, encoding='utf-8') from pptx import Presentation ... #!/usr/bin/env python3 """"""Generate defense PP",tool-4c985a0220c446528438780fac32ec32,.observability/snapshots/1778145553914-9837e093-7d3d-4f47-91c4-2288c6fa69bc-response.json;.observability/snapshots/1778145557029-4bfe43c6-2077-424b-b8d9-f4bf2d0cb2d9-state.snapshot.after_turn.json
phase_54,execution or repair issue detection,fix,2026-05-07 17:19:35,2026-05-07 17:19:35,150,a88470ae-eb8f-4275-a414-81783f46558f,turn-70,Read:1,"w file hello test Success: copied to v4 Traceback (most recent call last): File ""C:\Users\10677\Desktop\generate_ppt_final.py"", line 12, in <module> shutil.copy2(TEMPLATE, OUTPU...",Read: C:\Users\10677\Desktop\ppt_output.txt,"stdout: Copied template to new file hello test Success: copied to v4 Traceback (most recent call last): File ""C:\Users\10677\Desktop\generate_ppt_final.py"", line 12, in <module> shutil.copy2(TEMPLATE, OUTPUT) ~~~~~~~~...",C:/Users/10677/Desktop/generate_ppt_final.py | C:/Users/10677/Desktop/ppt_output.txt | C:/Users/10677/Desktop/张舒宁答辩PPT_v4.pptx,"w file hello test Success: copied to v4 Traceback (most recent call last): File ""C:\Users\10677\Desktop\generate_ppt_final.py"", line 12, in <module> shutil.copy2(TEMPLATE, OUTPUT) ~~~~~~~~~~~~^^^^... completed","or 张舒宁 - Complete version with thorough replacements."""""" import sys, io sys.stdout = io.TextIOWrapper(sys.stdout.buffer, encoding='utf-8') from pptx import Presentation ... #!/usr/bin/env python3 """"""Generate defense PP",call_46ec8638205f489ebe0b60c6,.observability/snapshots/1778145575313-dce935b2-0157-45dd-b9e7-98bfeb63e194-response.json;.observability/snapshots/1778145575566-8356821c-0e7f-4cbb-a7b7-e67bea5ba871-state.snapshot.after_turn.json
phase_55,edit script generate_ppt_final.py,fix,2026-05-07 17:20:22,2026-05-07 17:20:22,116,a88470ae-eb8f-4275-a414-81783f46558f,turn-71,Edit:1,"w file hello test Success: copied to v4 Traceback (most recent call last): File ""C:\Users\10677\Desktop\generate_ppt_final.py"", line 12, in <module> shutil.copy2(TEMPLATE, OUTPU...",Edit: C:\Users\10677\Desktop\generate_ppt_final.py,"stdout: Copied template to new file hello test Success: copied to v4 Traceback (most recent call last): File ""C:\Users\10677\Desktop\generate_ppt_final.py"", line 12, in <module> shutil.copy2(TEMPLATE, OUTPUT) ~~~~~~~~...",C:/Users/10677/Desktop/generate_ppt_final.py | C:/Users/10677/Desktop/ppt_output.txt | C:/Users/10677/Desktop/张舒宁答辩PPT_v4.pptx,"w file hello test Success: copied to v4 Traceback (most recent call last): File ""C:\Users\10677\Desktop\generate_ppt_final.py"", line 12, in <module> shutil.copy2(TEMPLATE, OUTPUT) ~~~~~~~~~~~~^^^^... completed","or 张舒宁 - Complete version with thorough replacements."""""" import sys, io sys.stdout = io.TextIOWrapper(sys.stdout.buffer, encoding='utf-8') from pptx import Presentation ... #!/usr/bin/env python3 """"""Generate defense PP",tool-75643d166e374fd5896bdba91d97d9f3,.observability/snapshots/1778145622742-2da33976-2911-4a2c-986c-efde7ca7cc5e-response.json;.observability/snapshots/1778145622888-ce540dcf-a3cc-4121-a968-2967d9445f7c-state.snapshot.after_turn.json
phase_56,run script generate_ppt_final.py,script,2026-05-07 17:20:34,2026-05-07 17:20:41,6622,a88470ae-eb8f-4275-a414-81783f46558f,turn-72,Bash:1,"w file hello test Success: copied to v4 Traceback (most recent call last): File ""C:\Users\10677\Desktop\generate_ppt_final.py"", line 12, in <module> shutil.copy2(TEMPLATE, OUTPU...","Bash: rm -f ""C:\Users\10677\Desktop\张舒宁答辩PPT_v4.pptx"" && ""C:\Users\10677\AppData\Local\Programs\Python\Python314\python.exe"" -X utf8 ""C:\Users\10677\Desktop\generate_ppt_final.p...","stdout: Copied template to new file hello test Success: copied to v4 Traceback (most recent call last): File ""C:\Users\10677\Desktop\generate_ppt_final.py"", line 12, in <module> shutil.copy2(TEMPLATE, OUTPUT) ~~~~~~~~...",C:/Users/10677/Desktop/generate_ppt_final.py | C:/Users/10677/Desktop/ppt_output.txt | C:/Users/10677/Desktop/张舒宁答辩PPT_v4.pptx,"w file hello test Success: copied to v4 Traceback (most recent call last): File ""C:\Users\10677\Desktop\generate_ppt_final.py"", line 12, in <module> shutil.copy2(TEMPLATE, OUTPUT) ~~~~~~~~~~~~^^^^... completed","or 张舒宁 - Complete version with thorough replacements."""""" import sys, io sys.stdout = io.TextIOWrapper(sys.stdout.buffer, encoding='utf-8') from pptx import Presentation ... #!/usr/bin/env python3 """"""Generate defense PP",call_deb7b3baf3d94482a9d10012,.observability/snapshots/1778145634920-5080de80-3beb-4f8b-9818-bf576284a294-response.json;.observability/snapshots/1778145641650-700dbf6c-6c08-494d-aae2-155d26b1cf12-state.snapshot.after_turn.json
phase_57,execution or repair issue detection,fix,2026-05-07 17:21:08,2026-05-07 17:21:08,92,a88470ae-eb8f-4275-a414-81783f46558f,turn-73,Read:1,"w file hello test Success: copied to v4 Traceback (most recent call last): File ""C:\Users\10677\Desktop\generate_ppt_final.py"", line 12, in <module> shutil.copy2(TEMPLATE, OUTPU...",Read: C:\Users\10677\Desktop\ppt_output.txt,"stdout: Copied template to new file hello test Success: copied to v4 Traceback (most recent call last): File ""C:\Users\10677\Desktop\generate_ppt_final.py"", line 12, in <module> shutil.copy2(TEMPLATE, OUTPUT) ~~~~~~~~...",C:/Users/10677/Desktop/generate_ppt_final.py | C:/Users/10677/Desktop/ppt_output.txt | C:/Users/10677/Desktop/张舒宁答辩PPT_v4.pptx,"w file hello test Success: copied to v4 Traceback (most recent call last): File ""C:\Users\10677\Desktop\generate_ppt_final.py"", line 12, in <module> shutil.copy2(TEMPLATE, OUTPUT) ~~~~~~~~~~~~^^^^... completed","or 张舒宁 - Complete version with thorough replacements."""""" import sys, io sys.stdout = io.TextIOWrapper(sys.stdout.buffer, encoding='utf-8') from pptx import Presentation ... #!/usr/bin/env python3 """"""Generate defense PP",call_2c473480d3534eb5acfd3f74,.observability/snapshots/1778145669452-8ccbc10b-7ce6-4dd9-8ebc-1307469fd78b-response.json;.observability/snapshots/1778145669563-8b1b58fe-484c-46c7-ab64-8f26e5037866-state.snapshot.after_turn.json
phase_58,edit script generate_ppt_final.py,fix,2026-05-07 17:22:02,2026-05-07 17:22:02,137,a88470ae-eb8f-4275-a414-81783f46558f,turn-74,Edit:1,"w file hello test Success: copied to v4 Traceback (most recent call last): File ""C:\Users\10677\Desktop\generate_ppt_final.py"", line 12, in <module> shutil.copy2(TEMPLATE, OUTPU...",Edit: C:\Users\10677\Desktop\generate_ppt_final.py,"stdout: Copied template to new file hello test Success: copied to v4 Traceback (most recent call last): File ""C:\Users\10677\Desktop\generate_ppt_final.py"", line 12, in <module> shutil.copy2(TEMPLATE, OUTPUT) ~~~~~~~~...",C:/Users/10677/Desktop/generate_ppt_final.py | C:/Users/10677/Desktop/ppt_output.txt | C:/Users/10677/Desktop/张舒宁答辩PPT_v4.pptx,"w file hello test Success: copied to v4 Traceback (most recent call last): File ""C:\Users\10677\Desktop\generate_ppt_final.py"", line 12, in <module> shutil.copy2(TEMPLATE, OUTPUT) ~~~~~~~~~~~~^^^^... completed","or 张舒宁 - Complete version with thorough replacements."""""" import sys, io sys.stdout = io.TextIOWrapper(sys.stdout.buffer, encoding='utf-8') from pptx import Presentation ... #!/usr/bin/env python3 """"""Generate defense PP",call_22cbaabfa2ba438792d9c0eb,.observability/snapshots/1778145722637-d1753ea4-4631-4489-a803-fb1c491f4088-response.json;.observability/snapshots/1778145722718-be77cec3-992b-444c-823b-cadd424f3532-state.snapshot.after_turn.json
phase_59,run script generate_ppt_final.py,script,2026-05-07 17:22:23,2026-05-07 17:22:29,6407,a88470ae-eb8f-4275-a414-81783f46558f,turn-75,Bash:1,"w file hello test Success: copied to v4 Traceback (most recent call last): File ""C:\Users\10677\Desktop\generate_ppt_final.py"", line 12, in <module> shutil.copy2(TEMPLATE, OUTPU...","Bash: rm -f ""C:\Users\10677\Desktop\张舒宁答辩PPT_v4.pptx"" && ""C:\Users\10677\AppData\Local\Programs\Python\Python314\python.exe"" -X utf8 ""C:\Users\10677\Desktop\generate_ppt_final.p...","stdout: Copied template to new file hello test Success: copied to v4 Traceback (most recent call last): File ""C:\Users\10677\Desktop\generate_ppt_final.py"", line 12, in <module> shutil.copy2(TEMPLATE, OUTPUT) ~~~~~~~~...",C:/Users/10677/Desktop/generate_ppt_final.py | C:/Users/10677/Desktop/ppt_output.txt | C:/Users/10677/Desktop/张舒宁答辩PPT_v4.pptx,"w file hello test Success: copied to v4 Traceback (most recent call last): File ""C:\Users\10677\Desktop\generate_ppt_final.py"", line 12, in <module> shutil.copy2(TEMPLATE, OUTPUT) ~~~~~~~~~~~~^^^^... completed","or 张舒宁 - Complete version with thorough replacements."""""" import sys, io sys.stdout = io.TextIOWrapper(sys.stdout.buffer, encoding='utf-8') from pptx import Presentation ... #!/usr/bin/env python3 """"""Generate defense PP",call_631c89adce9c46f7b2c3c8f3,.observability/snapshots/1778145743433-42b158e5-5cb4-4c26-a9d7-13510d3ebc27-response.json;.observability/snapshots/1778145749928-646c9f99-95e0-4d74-875a-cbf92ec21aa1-state.snapshot.after_turn.json
phase_60,execution or repair issue detection,fix,2026-05-07 17:23:32,2026-05-07 17:24:40,67516,a88470ae-eb8f-4275-a414-81783f46558f,turn-76;turn-77;turn-78;turn-79,Read:3;TaskUpdate:1,"w file hello test Success: copied to v4 Traceback (most recent call last): File ""C:\Users\10677\Desktop\generate_ppt_final.py"", line 12, in <module> shutil.copy2(TEMPLATE, OUTPU...","Read: C:\Users\10677\Desktop\ppt_output.txt | TaskUpdate: {""status"":""completed"",""taskId"":""1""}","stdout: Copied template to new file hello test Success: copied to v4 Traceback (most recent call last): File ""C:\Users\10677\Desktop\generate_ppt_final.py"", line 12, in <module> shutil.copy2(TEMPLATE, OUTPUT) ~~~~~~~~...",C:/Users/10677/Desktop/generate_ppt_final.py | C:/Users/10677/Desktop/ppt_output.txt | C:/Users/10677/Desktop/张舒宁答辩PPT_v4.pptx,"w file hello test Success: copied to v4 Traceback (most recent call last): File ""C:\Users\10677\Desktop\generate_ppt_final.py"", line 12, in <module> shutil.copy2(TEMPLATE, OUTPUT) ~~~~~~~~~~~~^^^^... completed","or 张舒宁 - Complete version with thorough replacements."""""" import sys, io sys.stdout = io.TextIOWrapper(sys.stdout.buffer, encoding='utf-8') from pptx import Presentation ... #!/usr/bin/env python3 """"""Generate defense PP",tool-73e6ac189d024eae9c75ad497bb3ffa8;call_4ee386978e2f493caaa7251f;tool-fa715323bb7d4fb48c9126af2abb3f31;call_725c3481d8b34c788f93f7c3,.observability/snapshots/1778145812607-aa564465-dc7e-4fa8-90e9-7970079bbc79-response.json;.observability/snapshots/1778145812802-b176d630-a552-4f3d-8941-b26c07b25c21-state.snapshot.after_turn.json;.observability/snapshots/1778145823690-6c1c8f2a-5a4a-44da-9701-a2d9849992b2-response.json;.observability/snapshots/1778145823785-cf2ec2d3-f849-49a3-9341-ebff8bbf0d2e-state.snapshot.after_turn.json;.observability/snapshots/1778145853351-e22b20f3-7ffd-4f9b-975d-071746f4908d-response.json;.observability/snapshots/1778145853501-7a06ed05-6e2c-45a1-9df0-41077352245c-state.snapshot.after_turn.json;.observability/snapshots/1778145879926-1700adf3-f7cf-46ad-9106-61ae4a141e1d-response.json;.observability/snapshots/1778145880191-0de03739-89af-4416-a8ef-7d8dbe037f76-state.snapshot.after_turn.json